Code,Airport,Country
AAR,Aarhus,Denmark
ABD,Abadan,Iran
AEH,Abeche,Chad
ABZ,Aberdeen,United Kingdom
ABR,Aberdeen (SD),USA
ABJ,Abidjan,Cote d'Ivoire
ABI,Abilene (TX),USA
AUH,Abu Dhabi - Abu Dhabi International,United Arab Emirates
ABV,Abuja - Nnamdi Azikiwe International Airport,Nigeria
AUE,Abu Rudeis,Egypt
ABS,Abu Simbel,Egypt
ACA,Acapulco,Mexico
ACC,Accra - Kotoka International Airport,Ghana
ADA,Adana,Turkey
ADD,Addis Ababa - Bole International Airport,Ethiopia
ADL,Adelaide,Australia
ADE,Aden - Aden International Airport,Yemen
ADF,Adiyaman,Turkey
AER,Adler/Sochi,Russia
AJY,Agades,Niger
AGA,Agadir,Morocco
SUM,Agana (Hagåtña),Guam
AGZ,Aggeneys,South Africa
BQN,Aguadilla,Puerto Rico
AGU,Aguascaliente,Mexico
AMD,Ahmedabad,India
AYU,Aiyura,Papua New Guinea
AJA,Ajaccio,France
AXT,Akita,Japan
CAK,Akron (OH),USA
AKT,Akrotiri - RAF,Cyprus
AAN,Al Ain,United Arab Emirates
AAC,Al Arish,Egypt
ALH,Albany,Australia
ABY,Albany (GA),USA
ALB,Albany (NY) - Albany International Airport,USA
LBI,Albi,France
AAL,Alborg,Denmark
ABQ,Albuquerque (NM),USA
ABX,Albury,Australia
ACI,Alderney,Channel Islands
ALP,Aleppo,Syria
AES,Alesund,Norway
ALJ,Alexander Bay - Kortdoorn,South Africa
HBH,Alexandria - Borg el Arab Airport,Egypt
ALY,Alexandria - El Nhouza Airport,Egypt
ESF,Alexandria - Esler Field,USA (LA)
FJR,Alfujairah (Fujairah),United Arab Emirates
AHO,Alghero Sassari,Italy
ALG,Algiers Houari Boumediene Airport,Algeria
AHU,Al Hoceima,Morocco
ALC,Alicante,Spain
ASP,Alice Springs,Australia
ADY,Alldays,South Africa
ABE,Allentown (PA),USA
ALA,Almaty (Alma Ata) - Almaty International Airport,Kazakhstan
LEI,Almeria,Spain
ALF,Alta,Norway
AAT,Altay,PR China
ACH,Altenrhein,Switzerland
AOO,Altoona (PA),USA
AXS,Altus,USA
ASJ,Amami,Japan
AMA,Amarillo (TX),USA
AZB,Amazon Bay,Papua New Guinea
AMM,Amman - Queen Alia International Airport,Jordan
ADJ,Amman - Amman-Marka International Airport,Jordan
ATQ,Amritsar,India
AMS,Amsterdam - Amsterdam Airport Schiphol,Netherlands
QNB,Anand,India
ANC,Anchorage (AK) - Ted Stevens Anchorage International,USA
AOI,Ancona - Ancona Falconara Airport,Italy
ALV,Andorra La Vella - Heliport,Andorra
AXA,Anguilla,Anguilla
AJN,Anjouan - Anjouan Airport,Comoros (Comores)
ANK,Ankara,Turkey
ESB,Ankara - Esenboğa International Airport,Turkey
AAE,Annaba,Algeria
ARB,Ann Arbor (MI),USA
NCY,Annecy,France
ANB,Anniston (AL),USA
AYT,Antalya,Turkey
TNR,Antananarivo (Tanannarive) - Ivato International Airport,Madagascar
ANU,Antigua V.C. Bird International,Antigua and Barbuda
ANR,Antwerp,Belgium
AOJ,Aomori,Japan
APW,Apia - Faleolo International Airport,Samoa
ATW,Appelton/Neenah/Menasha (WI),USA
AQJ,Aqaba,Jordan
AJU,Aracaju,Brazil
ARH,Arkhangelsk,Russia
ARK,Arusha,Tanzania
GPA,Araxos,Greece
RLT,Arlit,Niger
ACE,Arrecife/Lanzarote,Spain
AUA,Aruba - Reina Beatrix International Oranjestad,Aruba
AVL,Asheville (NC),USA
ASB,Ashgabat - Saparmurat Turkmenbashy Int. Airport,Turkmenistan
ASM,Asmara - Asmara International,Eritrea
ASE,Aspen (CO) - Aspen-Pitkin County Airport,USA
ATZ,Assiut,Egypt
TSE,Astana - Astana International Airport,Kazakhstan
ASU,Asuncion - Asunción International Airport,Paraguay
ASW,Aswan - Daraw Airport,Egypt
ATH,Athens - Elefthérios Venizélos International Airport,Greece
HEW,Athens Hellinikon Airport,Greece
AHN,Athens (GA),USA
ATO,Athens (OH),USA
ATL,Atlanta (GA) - Hartsfield Atlanta International Airport,USA
ACY,Atlantic City (NJ) - Atlantic City International,USA
YAT,Attawapiskat NT,Canada
AKL,Auckland - Auckland International Airport,New Zealand
AGB,Augsburg - Augsbur gAirport,Germany
AGS,Augusta (GA),USA
AUG,Augusta (ME) - Augusta State Airport,USA
AUR,Aurillac,France
AUS,Austin (TX) - Austin-Bergstrom Airport,USA
AYW,Ayawasi,Indonesia
AYQ,Ayers Rock - Connellan,Australia
AYR,Ayr,Australia
BJZ,Badajoz,Spain
BGW,Bagdad - Baghdad International Airport,Iraq
IXB,Bagdogra,India
NAS,Bahamas - Lynden Pindling International Airport,The Bahamas
BHV,Bahawalpur,Pakistan
BAH,Bahrain - Bahrain International Airport,Bahrain
BFL,Bakersfield (CA),USA
BAK,Baku - Heydar Aliyev International Airport,Azerbaijan
BNK,Ballina,Australia
BWI,Baltimore (MD) - Washington International Airport,USA
ABM,Bamaga,Australia
BKO,Bamako - Bamako-Sénou International Airport,Mali
BBY,Bambari,Central African Republic
BWN,Bandar Seri Begawan - Brunei International Airport,Brunei
BDO,Bandung - Husein Sastranegara International Airport,Indonesia
BLR,Bangalore,India
BGU,Bangassou,Central African Republic
DMK,Bangkok Don Muang,Thailand
BKK,Bangkok Suvarnabhumi International,Thailand
BGR,Bangor (ME),USA
BGF,Bangui - M'Poko International Airport,Central African Republic
BJL,Banjul - Banjul International Airport (Yundum International),Gambia
BNP,Bannu,Pakistan
BCN,Barcelona,Spain
BLA,Barcelona,Venezuela
BDU,Bardufoss,Norway
BRI,Bari,Italy
BZL,Barisal,Bangladesh
BDQ,Baroda,India
BRR,Barra (the famous tidal beach landing),United Kingdom
BAQ,Barranquilla,Colombia
BSL,Basel,Switzerland
EAP,Basel/Mulhouse,Switzerland/France
BSR,Basra Basrah,Iraq
PTP,Basse-Terre - Pointe-à-Pitre International Airport,Guadeloupe
SKB,Basseterre - Robert L. Bradshaw International Airport,Saint Kitts and Nevis
BIA,Bastia,France
BTR,Baton Rouge (LA) - Baton Rouge Metropolitan Airport,USA
BYU,Bayreuth - Bindlacher-Berg,Germany
BPT,Beaumont/Pt. Arthur (TX),USA
BKW,Beckley (WV),USA
EIS,Beef Island - Terrance B. Lettsome,Virgin Islands (British)
PEK,Beijing,China
NAY,Beijing - Nanyuan Airport,China
BEW,Beira,Mozambique
BEY,Beirut - Beirut Rafic Hariri International Airport,Lebanon
BEL,Belem - Val de Cans International Airport,Brazil
BHD,Belfast - George Best Belfast City Airport,United Kingdom
BFS,Belfast - Belfast International Airport,United Kingdom
IXG,Belgaum,India
BEG,Belgrad (Beograd) - Belgrade Nikola Tesla International,Serbia
BZE,Belize City - Philip S.W.Goldson International,Belize
BLI,Bellingham (WA),USA
CNF,Belo Horizonte - Tancredo Neves International Airport,Brazil
BJI,Bemidji (MN),USA
BEB,Benbecula,United Kingdom
BEN,Benghazi (Bengasi),Libya
BUG,Benguela,Angola
BEH,Benton Harbour (MI),USA
BBT,Berberati,Central African Republic
BGY,Bergamo/Milan - Orio Al Serio,Italy
BGO,Bergen,Norway
EGC,Bergerac - Roumanieres,France
BER,Berlin,Germany
SXF,Berlin Schoenefeld,Germany
TXL,Berlin Tegel,Germany
THF,Berlin Tempelhof (ceased operating in 2008),Germany
BDA,Bermuda - L.F. Wade International Airport,Bermuda
BRN,Berne Bern-Belp,Switzerland
ZDJ,Berne Railway Service,Switzerland
BET,Bethel (AK),USA
BHO,Bhopal,India
BBI,Bhubaneswar,India
BIQ,Biarritz,France
BIO,Bilbao,Spain
BIL,Billings (MT),USA
BLL,Billund,Denmark
BTU,Bintulu,Malaysia
IRO,Biraro,Central African Republic
BHX,Birmingham - Birmingham International Airport,United Kingdom
BHM,Birmingham (AL),USA
FRU,Bishkek - Manas International Airport,Kyrgyzstan
BIS,Bismarck (ND) - Bismarck Municipal Airport,USA
BXO,Bissau - Osvaldo Vieiro International Airport,Guinea-Bissau
BLK,Blackpool,United Kingdom
BLT,Blackwater,Australia
BLZ,Blantyre (Mandala) - Chileka International Airport,Malawi
BHE,Blenheim,New Zealand
BFN,Bloemfontein - Bloemfontein Airport,South Africa
BMI,Bloomington (IL),USA
BMG,Bloomington (IN),USA
BLF,Bluefield (WV),USA
BVB,Boa Vista,Brazil
BOY,Bobo/Dioulasso,Burkina Faso
BOO,Bodo,Norway
BJV,Bodrum - Milas Airport,Turkey
BOG,Bogota - El Nuevo Dorado International Airport,Colombia
BOI,Boise (ID) - Boise Air Terminal,USA
BLQ,Bologna,Italy
BOM,Bombay (Mumbai) - Chhatrapati Shivaji International,India
BON,Bonaire,Netherlands Antilles
YVB,Bonaventure PQ,Canada
BOB,Bora Bora,French Polynesia
BOD,Bordeaux - Bordeaux Airport,France
BXS,Borrego Springs (CA),USA
BOS,Boston (MA) - General Edward Lawrence Logan,USA
BYK,Bouake,Cote d'Ivoire
BOJ,Bourgas/Burgas,Bulgaria
BOH,Bournemouth,United Kingdom
ZBO,Bowen,Australia
BZN,Bozeman (MT),USA
BFD,Bradford/Warren (PA) /Olean (NY),USA
BRD,Brainerd (MN),USA
BMP,Brampton Island,Australia
BSB,Brasilia - President Juscelino Kubitschek International,Brazil
BTS,Bratislava - M. R. Štefánik Airport,Slovakia
BZV,Brazzaville - Maya-Maya Airport,Congo (ROC)
BRE,Bremen - Bremen Airport (Flughafen Bremen),Germany
VBS,Brescia Montichiari,Italy
BES,Brest,France
BIV,Bria,Central African Republic
BDR,Bridgeport (CT),USA
BGI,Bridgetown - Grantley Adams International,Barbados
BDS,Brindisi,Italy
BNE,Brisbane,Australia
BRS,Bristol,United Kingdom
BNN,Broennoeysund,Norway
BHQ,Broken Hill,Australia
BKX,Brookings (SD),USA
BME,Broome,Australia
BQK,Brunswick (GA),USA
BRU,Brussels - Brussels Airport,Belgium
BGA,Bucaramanga,Colombia
BUH,Bucharest,Romania
OTP,Bucharest - Henri Coandă International Airport,Romania
BUD,Budapest - Budapest Ferihegy International Airport,Hungary
BUE,Buenos Aires,Argentina
EZE,Buenos Aires Ezeiza International Airport,Argentina
AEP,Buenos Aires Jorge Newbery,Argentina
BFO,Buffalo Range,Zimbabwe
BUF,Buffalo/Niagara Falls (NY),USA
BJM,Bujumbura - Bujumbura International Airport,Burundi
BUQ,Bulawayo,Zimbabwe
BHC,Bullhead City (NV),USA
BDB,Bundaberg,Australia
BUR,Burbank (CA),USA
BRL,Burlington IA,USA
BTV,Burlington (VT),USA
BWT,Burnie (Wynyard),Australia
BTM,Butte (MT),USA
CAB,Cabinda,Angola
CAG,Cagliari,Italy
CNS,Cairns,Australia
CAI,Cairo - Cairo International Airport,Egypt
CJC,Calama - El Loa,Chile
CCU,Calcutta (Kolkata) - Netaji Subhas Chandra,India
YYC,Calgary - Calgary International Airport,Canada
CLO,Cali,Colombia
CCJ,Calicut,India
CLY,Calvi,France
YCB,Cambridge Bay,Canada
CBG,Cambrigde,United Kingdom
CAL,Campbeltown,United Kingdom
CGR,Campo Grande,Brazil
CBR,Canberra - Canberra Airport,Australia
CUN,Cancun,Mexico
CEQ,Cannes - Mandelieu Airport,France
CIW,Canouan (island) - Canouan Airport,Saint Vincent & the Grenadines
CPT,Cape Town - Cape Town International Airport,South Africa
CCS,Caracas - Simón Bolívar International Airport,Venezuela
CWL,Cardiff - Cardiff Airport,United Kingdom
CLD,Carlsbad (CA),USA
CVQ,Carnarvon,Australia
CRF,Carnot,Central African Republic
CSN,Carson City (NV),USA
CAS,Casablanca,Morocco
CMN,Casablanca Mohamed V,Morocco
LRM,Casa de Campo - La Romana International Airport,Dominican Republic
CSI,Casino,Australia
CPR,Casper (WY),USA
CST,Castaway,Fiji
CTG,Cartagena - Rafael Núñez International Airport,Colombia
SLU,Castries - George F. L. Charles Airport,Saint Lucia
CTA,Catania,Italy
CAY,Cayenne - Cayenne-Rochambeau Airport,French Guiana
CBU,Cottbus - Cottbus-Drewitz Airport,Germany
CEB,Cebu City - Mactan-Cebu International,Philippines
CDC,Cedar City (UT),USA
CID,Cedar Rapids IA,USA
CED,Ceduna,Australia
CES,Cessnock,Australia
KHV,Chabarovsk (Khabarovsk),Russia
CMF,Chambery,France
CMI,Champaign (IL),USA
IXC,Chandigarh - Chandigarh International Airport,India
CGQ,Changchun,Jilin PR China
CHQ,Chania,Greece
CHG,Chaoyang Beijing - Chaoyang Airport,PR China
CHS,Charleston (SC),USA
CRW,Charleston (WV) - Yeager Airport,USA
CLT,Charlotte (NC),USA
CHO,Charlottesville (VA),USA
CXT,Charters Towers,Australia
CHA,Chattanooga (TN),USA
CTU,Chengdu - Shuangliu,Sichuan PR China
MAA,Chennai (Madras),India
CYS,Cheyenne (WY) - Cheyenne Regional Airport,USA
CNX,Chiang Mai - Chiang Mai International Airport,Thailand
QCB,Chiba City,Japan
MDW,Chicago (IL) Midway,USA
ORD,Chicago (IL) O'Hare International Airport,USA
CHI,Chicago (IL),USA
CZA,Chichen Itza,Mexico
CIC,Chico (CA),USA
CUU,Chihuahua - Gen Fierro Villalobos,Mexico
JKH,Chios,Greece
CIP,Chipata,Zambia
KIV,Chisinau - Chişinău International Airport,Moldova
HTA,Chita (Tschita),Russia
CTS,Sapporo - New Chitose Airport,Japan
CJL,Chitral,Pakistan
CGP,Chittagong,Bangladesh
CKG,Chongqing - Jiangbei International Airport,Sichuan PR China
CHC,Christchurch,New Zealand
CCZ,Chub Cay,Bahamas
YYQ,Churchill,Canada
CFG,Cienfuegos - Jaime González Airport,Cuba
CVG,Cincinnati (OH) - Cincinnati/Northern Kentucky Int'l,USA
CME,Ciudad Del Carmen,Mexico
CGU,Ciudad Guayana,Venezuela
CJS,Ciudad Juarez,Mexico
CEN,Ciudad Obregon,Mexico
CVM,Ciudad Victoria,Mexico
CKB,Clarksburg (WV),USA
CMQ,Clermont,Australia
CFE,Clermont Ferrand,France
BKL,Cleveland (OH)  Burke Lakefront,USA
CLE,Cleveland (OH) - Cleveland Hopkins International,USA
CBB,Cochabamba,Bolivia
COK,Cochin,India
COD,Cody/Powell/Yellowstone (WY),USA
KCC,Coffmann Cove (AK),USA
CFS,Coffs Harbour,Australia
CJB,Coimbatore,India
CLQ,Colima,Mexico
CLL,College Station/Bryan (TX),USA
KCE,Collinsville,Australia
CGN,Cologne - Cologne Airport (Flughafen Köln/Bonn),Germany
CMB,Colombo - Bandaranaike International Airport,Sri Lanka
COS,Colorado Springs (CO),USA
CAE,Columbia (SC) - Columbia Metropolitan Airport,USA
CSG,Columbus (GA),USA
CMH,Columbus (OH) - Port Columbus International,USA
CKY,Conakry - Conakry International Airport,Guinea
CCR,Concord (CA) - Buchanan Field,USA
CON,Concord (NH) - Concord Municipal Airport,USA
CZL,Constantine,Algeria
CND,Constanta (Constanța) - Constanta Int'l Airport,Romania
CPD,Coober Pedy,Australia
CTN,Cooktown,Australia
OOM,Cooma,Australia
CPH,Copenhagen - Copenhagen Airport,Denmark
COR,Cordoba,Argentina
ODB,Cordoba,Spain
CDV,Cordova (AK),USA
CFU,Corfu,Greece
ORK,Cork,Ireland
CRP,Corpus Christi (TX),USA
COO,Cotonou - Cotonou Cadjehoun Airport,Benin
CVT,Coventry - Baginton,United Kingdom
CZM,Cozmel,Mexico
CGA,Craig (AK),USA
CEC,Crescent City (CA),USA
CGB,Cuiaba - Marechal Rondon International Airport,Brazil
CUL,Culiacan,Mexico
CUR,Curacao - Curaçao International Airport,Netherlands Antilles
CWB,Curitiba - Afonso Pena International Airport,Brazil
CYU,Cuyo,Philippines
DKR,Dakar - Léopold Sédar Senghor International Airport,Senegal
DLM,Dalaman,Turkey
DBY,Dalby,Australia
DLC,Dalian - Zhoushuizi International Airport,Liaoning PR China
DAL,Dallas (TX)  Love Field,USA
DFW,Dallas/Ft. Worth (TX) - Dallas/Fort Worth International,USA
DJO,Daloa,Cote d'Ivoire
DAM,Damascus International,Syria
DMM,Dammam King Fahad International,Saudi Arabien
DAN,Danville (VA),USA
DAR,Dar es Salam (Daressalam) - Julius Nyerere Int'l,Tanzania
DRW,Darwin,Australia
DDI,Daydream Island,Australia
DAY,Dayton (OH),USA
DAB,Daytona Beach (FL),USA
DEC,Decatur (IL),USA
YDF,Deer Lake/Corner Brook,Canada
DEL,Delhi - Indira Gandhi International Airport,India
HAG,Den Haag (The Hague),Netherlands
DNZ,Denizli,Turkey
DPS,Denpasar/Bali,Indonesia
DEN,Denver (CO) - Denver International Airport,USA
DSK,Dera Ismail Khan - Dera Ismail Khan Airport,Pakistan
DRB,Derby,Australia
LDY,Derry (Londonderry),United Kingdom
DSM,Des Moines (IA) - Des Moines International Airport,USA
DET,Detroit (MI)  Coleman A. Young Municipal,USA
DTW,Detroit (MI)  Wayne County Airport,USA
DTT,Detroit (MI)  Metropolitan Area,USA
DVL,Devils Lake (ND),USA
DPO,Devonport,Australia
DHA,Dhahran,Saudi Arabia
DAC,Dhaka - Zia International Airport,Bangladesh
DIL,Dili - Nicolau Lobato International Airport,Timor Leste (East Timor)
DLG,Dillingham (AK),USA
DNR,Dinard,France
DLP,Disneyland Paris,France
DJE,Djerba,Tunisia
JIB,Djibouti (city) - Djibouti-Ambouli International Airport,Djibouti
DOD,Dodoma - Dodoma Airport,Tanzania
DOH,Doha - Doha International Airport,Qatar
DSA,Doncaster/Sheffield Robin Hood International Airport,United Kingdom
CFN,Donegal (Carrickfin),Ireland
DTM,Dortmund,Germany
DHN,Dothan (AL),USA
DLA,Douala,Cameroon
DRS,Dresden - Dresden Airport,Germany
DXB,Dubai - Dubai International Airport,United Arab Emirates
DBO,Dubbo,Australia
DUB,Dublin - Dublin International Airport,Ireland
DUJ,Dubois (PA),USA
DBV,Dubrovnik,Croatia (Hrvatska)
DBQ,Dubuque IA,USA
DUS,Duesseldorf - Düsseldorf International Airport,Germany
DLH,Duluth (MN) /Superior (WI),USA
DND,Dundee,United Kingdom
DUD,Dunedin,New Zealand
DKI,Dunk Island,Australia
DRO,Durango (CO),USA
DUR,Durban,South Africa
DYU,Dushanbe (Duschanbe) - Dushanbe Airport,Tajikistan
DUT,Dutch Harbor (AK),USA
DYA,Dysart,Australia
DZA,Dzaoudzi,Mayotte
ELS,East London,South Africa
IPC,Easter Island,Chile
EAU,Eau Clarie (WI),USA
EDI,Edinburgh - Edinburgh Airport,Scotland UK
YEA,Edmonton,Canada
YEG,Edmonton International,Canada
YXD,Edmonton Municipal,Canada
EGS,Egilsstadir,Iceland
EIN,Eindhoven,Netherlands
AZS,Samana - Samaná El Catey International Airport,Dominican Republic
EBA,Elba Island Marina Di Campo,Italy
ETH,Elat,Israel
VDA,Elat Ovula,Israel
EKI,Elkhart (IN),USA
EKO,Elko (NV),USA
ELL,Ellisras,South Africa
EMY,El Minya,Egypt
ELM,Elmira (NY),USA
ELP,El Paso (TX) - El Paso International Airport,USA
ELY,Ely (NV),USA
EDR,Emerald,Australia
EMD,Emerald,Australia
ENF,Enontekioe,Finland
EBB,Entebbe - Entebbe International Airport,Uganda
ERF,Erfurt - Erfurt Airport (Flughafen Erfurt),Germany
ERI,Erie (PA),USA
EVN,Eriwan (Yerevan Jerevan),Armenia
ERC,Erzincan,Turkey
ERZ,Erzurum,Turkey
EBJ,Esbjerg,Denmark
ESC,Escanaba (MI),USA
EPR,Esperance,Australia
EUG,Eugene (OR),USA
ACV,Eureka (CA),USA
EVV,Evansville (IN),USA
EVE,Evenes,Norway
EXT,Exeter,United Kingdom
FAI,Fairbanks (AK),USA
FIE,Fair Isle (Shetland),United Kingdom
LYP,Faisalabad,Pakistan
FAR,Fargo (ND) (MN),USA
FMN,Farmington (NM),USA
FAO,Faro,Portugal
FAE,Faroer - Vágar Airport,Denmark
FYV,Fayetteville (AR),USA
FAY,Fayetteville/Ft. Bragg (NC),USA
FEZ,Fes,Morocco
FSC,Figari,France
FLG,Flagstaff (AZ),USA
YFO,Flin Flon,Canada
FNT,Flint (MI),USA
FLR,Florence (Firenze) - Peretola Airport,Italy
FLO,Florence (SC),USA
FLN,Florianopolis,Brazil
FRO,Floro,Norway
YFA,Fort Albert,Canada
FOR,Fortaleza - Pinto Martins Airport,Brazil
FDF,Fort de France - Martinique Aimé Césaire International,Martinique
FOD,Fort Dodge IA,USA
FHU,Fort Huachuca/Sierra Vista (AZ),USA
FLL,Fort Lauderdale/Hollywood (FL),USA
YMM,Fort McMurray,Canada
FMY,Fort Myers Metropolitan Area (FL),USA
RSW,Fort Myers Southwest Florida Reg (FL),USA
FRI,Fort Riley (KS) - Marshall AAF,USA
YSM,Fort Smith,Canada
FSM,Fort Smith (AR),USA
YXJ,Fort St. John,Canada
VPS,Fort Walton Beach (FL),USA
FWA,Fort Wayne (IN),USA
DFW,Fort Worth (TX) - Dallas/Fort Worth International Airport,USA
FOU,Foula (Shetland),United Kingdom
FRW,Francistown,Botswana
FRA,Frankfurt/Main - Frankfurt Airport (Rhein-Main-Flughafen),Germany
HHN,Frankfurt/Hahn,Germany
FKL,Franklin/Oil City (PA),USA
YFC,Fredericton,Canada
FPO,Freeport - Grand Bahama International Airport,Bahamas
FNA,Freetown - Freetown-Lungi International Airport,Sierra Leone
FRJ,Frejus,France
FAT,Fresno (CA),USA
FDH,Friedrichshafen - Bodensee-Airport Friedrichshafen,Germany
FUE,Fuerteventura,Spain
FJR,Fujairah International Airport,United Arab Emirates
FUK,Fukuoka,Japan
FKS,Fukushima - Fukushima Airport,Japan
FNC,Funchal,Portugal
FUT,Futuna,Wallis and Futuna Islands
GBE,Gaborone - Sir Seretse Khama International Airport,Botswana
GAD,Gadsden (AL),USA
GNV,Gainesville (FL),USA
GWY,Galway,Ireland
YQX,Gander,Canada
GOU,Garoua,Cameroon
GZA,Gaza City - Gaza International Airport,Palestinian Territory
GZT,Gaziantep,Turkey
GDN,Gdansk,Poland
GEX,Geelong,Australia
GVA,Geneva - Geneva-Cointrin International Airport,Switzerland
GOA,Genoa,Italy
GRJ,George,South Africa
GEO,Georgetown - Cheddi Jagan International Airport,Guyana
GET,Geraldton,Australia
GRO,Gerona,Spain
GNE,Ghent (Gent),Belgium
GIB,Gibraltar,Gibraltar
GCC,Gilette (WY),USA
GIL,Gilgit,Pakistan
YGX,Gillam,Canada
GLT,Gladstone,Australia
PIK,Glasgow Prestwick,United Kingdom
GLA,Glasgow,United Kingdom
GGW,Glasgow (MT),USA
GDV,Glendive (MT),USA
GOI,Goa,India
GYN,Goiania Santa Genoveva Airport,Brazil
OOL,Gold Coast,Australia
GOO,Goondiwindi,Australia
YYR,Goose Bay,Canada
GOZ,Gorna,Bulgaria
GOT,Gothenburg (Göteborg) - Landvetter,Sweden
GOV,Gove (Nhulunbuy),Australia
GHB,Govenors Harbour,Bahamas
GRX,Granada,Spain
FPO,Grand Bahama International,Bahamas
GCN,Grand Canyon (AZ),USA
GCM,Grand Cayman - Owen Roberts International,Cayman Islands
GFK,Grand Forks (ND),USA
GJT,Grand Junction (CO),USA
GRR,Grand Rapids (MI),USA
GPZ,Grand Rapids (MN),USA
GRZ,Graz,Austria
GTF,Great Falls (MT),USA
GKL,Great Keppel Island,Australia
GRB,Green Bay (WI),USA
LWB,Greenbrier/Lewisburg (WV),USA
GSO,Greensboro/Winston Salem (NC),USA
GLH,Greenville (MS),USA
PGV,Greenville (NC),USA
GSP,Greenville/Spartanburg (SC),USA
GND,Grenada - Point Salines Airport also Maurice Bishop,Grenada
GNB,Grenoble,France
GFF,Griffith,Australia
GRQ,Groningen - Eelde,Netherlands
GTE,Groote Eylandt - Alyangula,Australia
GON,Groton/New London (CT),USA
GDL,Guadalajara,Mexico
GSI,Guadalcanal,Solomon Islands
GUM,Guam,Guam
CAN,Guangzhou (Canton) - Baiyun International Airport,Guangdong PR China
GRU,Sao Paulo - Guarulhos International,Brazil
GUA,Guatemala City - La Aurora International Airport,Guatemala
GYE,Guayaquil - Simon Bolivar,Ecuador
GCI,Guernsey,Channel Islands
GTI,Guettin,Germany
GPT,Gulfport/Biloxi (MS),USA
KWL,Guilin - Liangjiang,Guangxi PR China
ULU,Gulu,Uganda
GUC,Gunnison/Crested Butte (CO),USA
GAU,Guwahati,India
GWD,Gwadar,Pakistan
GWE,Gweru,Zimbabwe
GYP,Gympie,Australia
HAC,Hachijo Jima,Japan
GUM,Hagåtña - Guam International Airport,Guam
HFA,Haifa,Israel
HNS,Haines (AK),USA
HKD,Hakodate,Japan
YHZ,Halifax International,Canada
YUX,Hall Beach,Canada
HAM,Hamburg - Fuhlsbuettel,Germany
HLT,Hamilton,Australia
YHM,Hamilton,Canada
HLZ,Hamilton,New Zealand
HTI,Hamilton Island,Australia
HFT,Hammerfest,Norway
CMX,Hancock (MI),USA
HGH,Hangchow (Hangzhou),Zhejiang PR China
HAJ,Hannover,Germany
HAN,Hanoi - Noi Bai International Airport,Vietnam
HRE,Harare - Harare International Airport,Zimbabwe
HRB,Harbin (Haerbin),Heilongjiang PR China
HRL,Harlingen/South Padre Island (TX),USA
YHR,Harrington Harbour PQ,Canada
HAR,Harrisburg (PA) - Harrisburg Skyport,USA
MDT,Harrisburg (PA) - Harrisburg International,USA
BDL,Hartford (CT) /Springfield (MA),USA
HDY,Hatyai (Hat Yai),Thailand
HAU,Haugesund,Norway
HAV,Havana - José Martí International,Cuba
HVR,Havre (MT),USA
HIS,Hayman Island,Australia
HLN,Helena (MT),USA
JHE,Helsingborg,Sweden
HEL,Helsinki - Vantaa,Finland
HER,Heraklion,Greece
HMO,Hermosillo - Gen. Pesqueira Garcia,Mexico
HVB,Hervey Bay,Australia
HIB,Hibbing (MN),USA
HKY,Hickory (NC),USA
ITO,Hilo (HI),USA
HHH,Hilton Head Island (SC),USA
HNK,Hinchinbrook Island,Australia
HIJ,Hiroshima International,Japan
SGN,Ho Chi Minh City (Saigon) - Tan Son Nhat International,Viet Nam
HBA,Hobart,Australia
HOQ,Hof,Germany
HOG,Holguin,Cuba
HMH,Home Hill,Australia
HOM,Homer (AK),USA
HKG,Hong Kong - International Airport (HKIA),Hong Kong
ZJK,Hong Kong - Chek Lap Kok,Hong Kong
HIR,Honiara Henderson International,Solomon Islands
HNL,Honolulu (HI) - Honolulu International Airport,USA
HNH,Hoonah (AK),USA
HOR,Horta,Portugal
HOU,Houston (TX)  Hobby,USA
IAH,Houston TX - George Bush Intercontinental Airport,USA
HUH,Huahine,French Polynesia
HUX,Huatulco,Mexico
HUI,Hue - Phu Bai,Viet Nam
HUY,Humberside,United Kingdom
HTS,Huntington (WV),USA
HSV,Huntsville (AL),USA
HRG,Hurghada International,Egypt
HON,Huron (SD),USA
HWN,Hwange National Park,Zimbabwe
HYA,Hyannis (MA),USA
HYG,Hydaburg (AK),USA
HYD,Hyderabad - Rajiv Gandhi International Airport,India
HDD,Hyderabad,Pakistan
IBZ,Ibiza,Ibiza/Spain
IDA,Idaho Falls (ID),USA
IGR,Iguazu Cataratas,Argentina
ILP,Ile des Pins,New Caledonia
IOU,Ile Ouen,New Caledonia
ILI,Iliamna (AK),USA
IPL,Imperial (CA),USA
IVC,Incercargill,New Zealand
ICN,Incheon Incheon International Airport,Korea South
IND,Indianapolis (IN) International,USA
IGH,Ingham,Australia
IFL,Innisfail,Australia
INN,Innsbruck - Kranebitten,Austria
INL,International Falls (MN),USA
YEV,Inuvik,Canada
IVC,Invercargill,New Zealand
INV,Inverness,United Kingdom
IYK,Inykern (CA),USA
YFB,Iqaluit (Frobisher Bay),Canada
IQT,Iquitos,Peru
IKT,Irkutsk,Russia
ISG,Ishigaki - New Ishigaki Airport,Japan
ISB,Islamabad - Benazir Bhutto International Airport,Pakistan
ILY,Islay,United Kingdom
IOM,Isle of Man,United Kingdom
IST,Istanbul - Istanbul Atatürk Airport,Turkey
SAW,Istanbul - Sabiha Gokcen,Turkey
ITH,Ithaca/Cortland (NY),USA
IVL,Ivalo,Finland
ZIH,Ixtapa/Zihuatenejo,Mexico
IZM,Izmir,Turkey
ADB,Izmir - Adnan Menderes Airport,Turkey
JAC,Jackson Hole (WY),USA
JXN,Jackson (MI) - Reynolds Municipal,USA
MJQ,Jackson  MN  ,USA
JAN,Jackson (MS) - Jackson Internationall,USA
HKS,Jackson (MS) - Hawkins Field   ,USA
MKL,Jackson (TN) - Mckellar,USA
JAC,Jackson Hole (WY),USA
LRF,Jacksonville (AR)  Little Rock AFB   ,USA
NZC,Jacksonville (FL) - Cecil Field NAS   ,USA
NIP,Jacksonville (FL) Jacksonville NAS   ,USA
JAX,Jacksonville (FL) - International,USA
CRG,Jacksonville (FL) - Craig Municipal   ,USA
IJX,Jacksonville (IL) - Municipal Airport,USA
OAJ,Jacksonville (NC),USA
JKV,Jacksonville (TX),USA
JAK,Jacmel   ,Haiti
JAG,Jacobabad,Pakistan
JCM,Jacobina   ,Brazil
JAQ,Jacquinot Bay,Papua New Guinea
JAF,Jaffna - Kankesanturai,Sri Lanka
JGB,Jagdalpur,India
JAI,Jaipur - Sanganeer,India
JSA,Jaisalmer   ,India
HLP,Jakarta - Halim Perdana Kusuma,Indonesia
JKT,Jakarta - Metropolitan Area,Indonesia
CGK,Jakarta - Soekarno-Hatta International,Indonesia
JAA,Jalalabad    ,Afghanistan
JLR,Jalandhar,India
JAL,Jalapa,Mexico
JLS,Jales,Brazil
UIT,Jaluit Island  ,Marshall Islands
JMB,Jamba,Angola
DJB,Jambi - Sultan Taha Syarifudn,Indonesia 
JAM,Jambol,Bulgaria
JMS,Jamestown (ND),USA
JHW,Jamestown (NY),USA
IXJ,Jammu - Satwari,India
JGA,Jamnagar - Govardhanpur,India
IXW,Jamshedpur - Sonari Airport,India
JKR,Janakpur,Nepal
JAD,Jandakot,Australia
JVL,Janesville (WI) - Rock County,USA
JNA,Januaria,Brazil
JQE,Jaque   ,Panama
JTI,Jatai,Brazil
JAU,Jauja,Peru
DJJ,Jayapura - Sentani,Indonesia
JED,Jeddah - King Abdulaziz International,Saudi Arabia
JEF,Jefferson City (MO) - Jefferson Memorial,USA
JEE,Jeremie - Jeremie Airport,Haiti
XRY,Jerez de la Frontera/Cadiz - La Parra,Spain
JER,Jersey,Channel Islands
JRS,Jerusalem - Atarot Airport (closed),Israel
JSR,Jessore - Jessore Airport,Bangladesh
PYB,Jeypore - Jeypore Airport,India
JGS,Ji'an,Jiangxi China
JMU,Jiamusi - Jiamusi Airport,PR China
JGN,Jiayuguan - Jiayuguan Airport,PR China
GJL,Jijel,Algeria
JIJ,Jijiga,Ethiopia
JIL,Jilin,PR China
JIM,Jimma,Ethiopia
TNA,Jinan,Shandong PR China
JDZ,Jingdezhen,PR China
JHG,Jinghong - Gasa Airport,PR China
JNG,Jining,PR China
JIN,Jinja,Uganda
JJN,Jinjiang,PR China
BCO,Jinka - Baco/Jinka Airport,Ethiopia
JNZ,Jinzhou - Jinzhou Airport,PR China
JIP,Jipijapa,Ecuador
JIR,Jiri,Nepal
JIU,Jiujiang - Jiujiang Lushan Airport,PR China
JIW,Jiwani,Pakistan
JCB,Joacaba,Brazil
JPA,Joao Pessoa - Castro Pinto Airport,Brazil
JDH,Jodhpur,India
JKG,Jönköping (Jonkoping) - Axamo Airport,Sweden
JOE,Joensuu,Finland
JNB,Johannesburg - OR Tambo International Airport,South Africa
BGM,Johnson City (NY) - Binghamton/Endicott/Johnson,USA
JON,Johnston Island,USA
JST,Johnstown (PA),USA
JHB,Johor Bahru - Sultan Ismail International,Malaysia
JOI,Joinville - Cubatao Airport,Brazil
JOL,Jolo,Philippines
JMO,Jomsom,Nepal
JBR,Jonesboro (AR)  Jonesboro Airport,USA
JLN,Joplin (MO),USA
JRH,Jorhat - Rowriah Airport,India
JOS,Jos,Nigeria
JSM,Jose De San Martin,Argentina
AJF,Jouf,Saudi Arabia
JJI,Juanjui,Peru
JUB,Juba,South Sudan
JUI,Juist (island),Germany
JDF,Juiz De Fora - Francisco De Assis Airport,Brazil
JUJ,Jujuy - El Cadillal Airport,Argentina
JCK,Julia Creek,Australia
JUL,Juliaca,Peru
JUM,Jumla,Nepal
JUN,Jundah,Australia
JNU,Juneau (AK) - Juneau International Airport,USA
JNI,Junin,Argentina
JUT,Juticalpa,Honduras
JWA,Jwaneng,Botswana
JYV,Jyväskylä (Jyvaskyla),Finland
KBL,Kabul - Khwaja Rawash Airport,Afghanistan
KOJ,Kagoshima,Japan
KCM,Kahramanmaras,Turkey
OGG,Kahului (HI),USA
KAJ,Kajaani,Finland
KLX,Kalamata,Greece
AZO,Kalamazoo/Battle Creek (MI),USA
KGI,Kalgoorlie,Australia
KGD,Kaliningrad,Russia
FCA,Kalispell (MT),USA
KLR,Kalmar,Sweden
YKA,Kamloops BC,Canada
MUE,Kamuela (HI),USA
KAN,Kano,Nigeria
KNU,Kanpur,India
MCI,Kansas City (MO) - Kansas City International Airport,USA
KHH,Kaohsiung International,Taiwan
JHM,Kapalua West (HI),USA
KHI,Karachi - Jinnah International Airport,Pakistan
FKB,Karlsruhe-Baden - Soellingen,Germany
KSD,Karlstad,Sweden
AOK,Karpathos,Greece
KTA,Karratha,Australia
KYS,Kars,Turkey
KRB,Karumba,Australia
KRP,Karup,Denmark
ZKE,Kaschechawan PQ,Canada
KSL,Kassala,Sudan
KTR,Katherine,Australia
KTM,Kathmandu - Tribhuvan International Airport,Nepal
MPA,Katima Mulilo/Mpacha,Namibia
KHJ,Kauhajoki,Finland
MKK,Kaunakakai (HI),USA
KVA,Kavalla,Greece
ASR,Kayseri,Turkey
KZN,Kazan - Kazan International Airport,Russia
KMP,Keetmanshoop,Namibia
YLW,Kelowna BC,Canada
KEM,Kemi/Tornio,Finland
ENA,Kenai (AK),USA
MSE,Kent (Manston) Kent International,United Kingdom
KIR,Kerry County,Ireland
KTN,Ketchikan (AK),USA
EYW,Key West (FL),USA
AHB,Khamis Mushayat,Saudi Arabia
UVL,Kharga - New Valley,Egypt
HRK,Kharkov,Ukraine
KRT,Khartoum - Khartoum International Airport,Sudan
KDD,Khuzdar,Pakistan
KEL,Kiel - Holtenau,Germany
KBP,Kiev - Borispol,Ukraine
IEV,Kiev - Zhulhany,Ukraine
KGL,Kigali - Gregoire Kayibanda,Rwanda
JRO,Kilimadjaro,Tanzania
ILE,Killeem (TX),USA
KIM,Kimberley,South Africa
KNS,King Island,King Island (Australia)
AKN,King Salomon (AK),USA
KGC,Kingscote,Australia
KIN,Kingston - Norman Manley,Jamaica
ISO,Kingston (NC),USA
SVD,Kingstown - E. T. Joshua Airport,Saint Vincent and the Grenadines
FIH,Kinshasa - N'Djili,Congo (DRC)
CXI,Kiritimati (island) - Cassidy International Airport,Kiribati
KKN,Kirkenes,Norway
KIK,Kirkuk,Iraq
KOI,Kirkwall (Orkney),United Kingdom
KRN,Kiruna,Sweden
FKI,Kisangani,Congo (DRC)
KTT,Kittilä,Finland
KIW,Kitwe,Zambia
KLU,Klagenfurt,Austria
LMT,Klamath Fall (OR),USA
KLW,Klawock (AK),USA
KLZ,Kleinsee,South Africa
NOC,Knock,Ireland
TYS,Knoxville (TN),USA
UKB,Kobe,Japan
KCZ,Kochi,Japan
CGN,Köln Köln/Bonn,Germany
ADQ,Kodiak (AK),USA
OHT,Kohat,Pakistan
KOK,Kokkola/Pietarsaari,Finland
CCU,Kolkata (Calcutta) - Netaji Subhas Chandra,India
KMQ,Komatsu,Japan
KOA,Kona (HI),USA
KYA,Konya,Turkey
HGO,Korhogo,Cote d'Ivoire
KGS,Kos,Greece
BKI,Kota Kinabalu,Malaysia
OTZ,Kotzbue (AK),USA
KWM,Kowanyama,Australia
KRK,Krakow (Cracow) - John Paul II International Airport,Poland
KRS,Kristiansand,Norway
KID,Kristianstad,Sweden
KSU,Kristiansund,Norway
KUL,Kuala Lumpur - International Airport,Malaysia
SZB,Kuala Lumpur - Sultan Abdul Aziz Shah,Malaysia
KUA,Kuantan,Malaysia
KCH,Kuching,Malaysia
KMJ,Kumamoto,Japan
KNX,Kununurra,Australia
KUO,Kuopio,Finland
KUH,Kushiro,Japan
YVP,Kuujjuaq (FortChimo),Canada
YGW,Kuujjuarapik,Canada
KAO,Kuusamo,Finland
KWI,Kuwait - Kuwait International,Kuwait
UKY,Kyoto,Japan
LEK,Labe,Guinea
WLB,Labouchere Bay (AK),USA
LBU,Labuan,Malaysia
XLB,Lac Brochet MB,Canada
LCG,La Coruna,Spain
LSE,La Crosse (WI),USA
LAE,Lae - Lae Nadzab Airport,Papua New Guinea
LRH,La Rochelle,France
LAF,Lafayette (IN),USA
LFT,Lafayette La,USA
LOS,Lagos - Murtala Muhammed Airport,Nigeria
YGL,La Grande,Canada
LHE,Lahore,Pakistan
LCH,Lake Charles (LA),USA
HII,Lake Havasu City (AZ),USA
TVL,Lake Tahoe (CA),USA
LKL,Lakselv,Norway
LBQ,Lambarene,Gabon
SUF,Lamezia Terme,Italy
LMP,Lampedusa,Italy
LNY,Lanai City (HI),USA
LNS,Lancaster (PA),USA
LEQ,Land's End,United Kingdom
LGK,Langkawi (islands),Malaysia
LAI,Lannion,France
HLA,Lanseria,South Africa
LAN,Lansing (MI),USA
LPB,La Paz - El Alto,Bolivia
LAP,La Paz - Leon,Mexico
LPP,Lappeenranta,Finland
LAR,Laramie (WY),USA
LRD,Laredo (TX),USA
LCA,Larnaca,Cyprus
LPA,Las Palmas,Spain
LAS,Las Vegas (NV),USA
LBE,Latrobe (PA),USA
LST,Launceston,Australia
PIB,Laurel/Hattisburg (MS),USA
LVO,Laverton,Australia
LAW,Lawton (OK),USA
LZC,Lazaro Cardenas,Mexico
YLR,Leaf Rapids,Canada
LEA,Learmouth (Exmouth),Australia
LEB,Lebanon (NH),USA
LBA,Leeds/Bradford,United Kingdom
LER,Leinster,Australia
LEJ,Leipzig,Germany
LEY,Lelystad,Netherlands
BJX,Leon,Mexico
LNO,Leonora,Australia
LWK,Lerwick/Tingwall (Shetland Islands),United Kingdom
LWS,Lewiston (ID),USA
LWT,Lewistown (MT),USA
LEX,Lexington (KY),USA
LBV,Libreville,Gabon
LDK,Lidkoeping,Sweden
LGG,Liege,Belgium
LIF,Lifou,Loyaute Pazifik
LIH,Lihue (HI),USA
LIL,Lille - Lille Airport,France
LLW,Lilongwe - Lilongwe International,Malawi
LIM,Lima - J Chavez International,Peru
QLI,Limassol,Cyprus
LIG,Limoges,France
LNK,Lincoln (NE),USA
LDC,Lindeman Island,Australia
LNZ,Linz - Hoersching,Austria
LIQ,Lisala,Congo (DRC)
LIS,Lisbon - Lisboa,Portugal
LSY,Lismore,Australia
LIT,Little Rock (AR),USA
LPL,Liverpool,United Kingdom
LZR,Lizard Island,Australia
LJU,Ljubljana - Brnik,Slovenia
IRG,Lockhart River,Australia
LFW,Lome,Togo
YXU,London,Canada
LON,London Metropolitan Area,United Kingdom
LCY,London - City Airport,United Kingdom
LGW,London - Gatwick,United Kingdom
LHR,London - Heathrow,United Kingdom
LTN,London - Luton,United Kingdom
STN,London - Stansted,United Kingdom
LDY,Londonderry - Eglinton,United Kingdom
LGB,Long Beach (CA),USA
LIJ,Long Island (AK),USA
ISP,Long Island Islip (NY) - Mac Arthur,USA
LRE,Longreach,Australia
GGG,Longview/Kilgore (TX),USA
LYR,Longyearbyen - Svalbard,Svalbard/Norway
LTO,Loreto,Mexico
LRT,Lorient,France
LAX,Los Angeles (CA) - International,USA
SJD,Los Cabos,Mexico
LMM,Los Mochis,Mexico
TFN,Los Rodeos,Teneriffa/Spain
LSZ,Losinj - Losinj Arpt,Croatia (Hrvatska)
LDE,Lourdes/Tarbes,France
SDF,Louisville (KY),USA
LAD,Luanda - 4 de Fevereiro,Angola
LBB,Lubbock (TX),USA
LKO,Lucknow,India
LUD,Luederitz,Namibia
MLA,Luga,Malta
LUG,Lugano,Switzerland
LLA,Lulea,Sweden
FBM,Lumbumbashi,Congo (DRC)
LUN,Lusaka - Lusaka International Airport,Zambia
LUJ,Lusisiki,South Africa
LUX,Luxembourg,Luxembourg
LUM,Luxi - Mangshi,Yunnan PR China
LXR,Luxor,Egypt
LWO,Lvov (Lwow Lemberg),Ukraine
LYX,Lydd - Lydd International Airport,United Kingdom
LYH,Lynchburg (VA),USA
LYS,Lyon - Lyon-Saint Exupéry Airport ,France
LYO,Lyons (KS) - Rice County Municipal,USA
MST,Maastricht/Aachen,Netherlands
MCP,Macapa - Alberto Alcolumbre International Airport,Brazil
MFM,Macau - Macau International Airport,Macau China SAR
MCZ,Maceio - Zumbi dos Palmares International Airport,Brazil
MKY,Mackay,Australia
MCN,Macon (GA),USA
NOP,Mactan Island - Nab,Philippines
MED,Madinah (Medina) - Mohammad Bin Abdulaziz,Saudi Arabia
MSN,Madison (WI) - Dane County Regional Airport,USA
MAA,Madras (Chennai) - Chennai International Airport,India
MAD,Madrid - Barajas Airport,Spain
SEZ,Mahe - Seychelles International,Seychelles
MAH,Mahon,Spain
MTL,Maitland,Australia
MJN,Majunga,Madagascar
MZG,Makung,Taiwan
SSG,Malabo - Malabo International Airport,Equatorial Guinea
AGP,Malaga,Spain
MLX,Malatya,Turkey
MLE,Male - Velana International Airport,Maledives
MYD,Malindi,Kenya
MMA,Malmo (Malmoe),Sweden
MMX,Malmo (Malmö) - Malmö Airport,Sweden
MJC,Man,Cote d'Ivoire
MGA,Managua - Augusto C Sandino,Nicaragua
MAO,Manaus - Eduardo Gomes International Airport,Brazil
MAN,Manchester,United Kingdom
MHT,Manchester (NH),USA
MDL,Mandalay - Mandalay-Annisaton Airport,Myanmar
MFO,Manguna,Papua New Guinea
XMH,Manihi,French Polynesia
MNL,Manila - Ninoy Aquino International,Philippines
ZLO,Manzanillo,Mexico
MTS,Manzini - Matsapha International,Swaziland
MPM,Maputo - Maputo International,Mozambique
MDQ,Mar del Plata,Argentina
MAR,Maracaibo - La Chinita International,Venezuela
MFQ,Maradi,Niger
KCM,Maras,Turkey
MTH,Marathon (FL),USA
MQM,Mardin,Turkey
MEE,Mare,New Caledonia
MGH,Margate,South Africa
PMV,Margerita,Venezuela
MBX,Maribor,Slovenia
MHQ,Mariehamn (Maarianhamina),Finland
MVR,Maroua,Cameroon
MQT,Marquette (MI),USA
RAK,Marrakesh - Menara Airport,Morocco
RMF,Marsa Alam,Egypt
MUH,Marsa Matrah (Marsa Matruh),Egypt
MRS,Marseille - Marseille Provence Airport,France
MHH,Marsh Harbour,Bahamas
MVY,Martha's Vineyard (MA),USA
MRB,Martinsburg (WV),USA
MBH,Maryborough,Australia
MSU,Maseru - Moshoeshoe International,Lesotho
MCW,Mason City IA,USA
MVZ,Masvingo,Zimbabwe
MMJ,Matsumoto Nagano,Japan
MYJ,Matsuyama,Japan
MTO,Mattoon (IL),USA
MUB,Maun,Botswana
MAU,Maupiti,French Polynesia
MRU,Mauritius - S.Seewoosagur Ram International,Mauritius
MAZ,Mayaguez,Puerto Rico
MZT,Mazatlan,Mexico
MFE,McAllen (TX),USA
MES,Medan - Polania Int'l (now Soewondo AFB),Indonesia
KNO,Medan - Kualanamu International,Indonesia
MDE,Medellin - José María Córdova International,Colombia
MFR,Medford (OR),USA
MED,Medina,Saudi Arabia
MKR,Meekatharra,Australia
MEL,Melbourne - Melbourne Airport (Tullamarine),Australia
MLB,Melbourne (FL),USA
DOM,Melville Hall,Dominica
MEM,Memphis (TN),USA
MDZ,Mendoza,Argentina
MDC,Manado,Indonesia
MCE,Merced (CA),USA
MID,Merida,Mexico
MEI,Meridian (MS),USA
MIM,Merimbula,Australia
MEZ,Messina,South Africa
MTM,Metlakatla (AK),USA
MZM,Metz -  Frescaty,France
ETZ,Metz/Nancy Metz-Nancy-Lorraine,France
MXL,Mexicali,Mexico
MEX,Mexico City - Mexico City International Airport,Mexico
AZP,Mexico City - Atizapan,Mexico
MEX,Mexico City - Juarez International,Mexico
NLU,Mexico City - Santa Lucia,Mexico
MFU,Mfuwe,Zambia
MIA,Miami (FL),USA
MWD,Mianwali,Pakistan
MMM,Middlemount,Australia
MAF,Midland/Odessa (TX),USA
MDY,Midway Island - Sand Island Field,US Minor Outlying Islands
MIK,Mikkeli,Finland
MIL,Milan,Italy
LIN,Milan - Linate,Italy
MXP,Milan - Malpensa,Italy
BGY,Milan - Orio Al Serio,Italy
MQL,Mildura,Australia
MLS,Miles City (MT),USA
MFN,Milford Sound,New Zealand
MKE,Milwaukee (WI),USA
MTT,Minatitlan,Mexico
MRV,Mineralnye Vody,Russia
MSP,Minneapolis - St. Paul International Airport (MN),USA
MOT,Minot (ND),USA
MSQ,Minsk International,Belarus
MYY,Miri,Malaysia
QML,Mirpur,Pakistan
MSO,Missula (MT),USA
MHE,Mitchell (SD),USA
MMY,Miyako Jima (Ryuku Islands) - Hirara,Japan
KMI,Miyazaki,Japan
MBM,Mkambati,South Africa
MFF,Moanda,Gabon
MOB,Mobile (AL) - Pascagoula (MS),USA
MOD,Modesto (CA),USA
MJD,Moenjodaro,Pakistan
MGQ,Mogadishu,Somalia
OKU,Mokuti,Namibia
MLI,Moline/Quad Cities (IL),USA
MBA,Mombasa - Moi International,Kenya
MIR,Monastir,Tunisia
YQM,Moncton,Canada
MLU,Monroe (LA),USA
MLW,Monrovia - Metropolitan Area,Liberia
ROB,Monrovia - Roberts International,Liberia
MBJ,Montego Bay - Sangster International,Jamaica
QGF,Montenegro,Brazil
MRY,Monterey (CA),USA
MTY,Monterrey - Gen. Mariano Escobedo,Mexico
NTR,Monterrey - Aeropuerto Del Norte,Mexico
MVD,Montevideo - Carrasco International Airport,Uruguay
MGM,Montgomery (AL) - Montgomery Regional Airport,USA
MPL,Montpellier - Montpellier-Méditerranée Airport,France
YMQ,Montreal,Canada
YUL,Montreal - Dorval (Montréal-Trudeau),Canada
YMX,Montreal - Mirabel,Canada
MTJ,Montrose/Tellruide (CO),USA
MOZ,Moorea,French Polynesia
MOV,Moranbah,Australia
MRZ,Moree,Australia
MLM,Morelia,Mexico
MGW,Morgantown (WV),USA
HNA,Morioka Hanamaki,Japan
HAH,Moroni - Prince Said Ibrahim,Comoros (Comores)
MYA,Moruya,Australia
MOW,Moscow - Metropolitan Area,Russia
DME,Moscow - Domodedovo,Russia
SVO,Moscow - Sheremetyevo,Russia
VKO,Moscow - Vnukovo,Russia
MWH,Moses Lake (WA),USA
MZY,Mossel Bay,South Africa
OMO,Mostar,Bosnia and Herzegovina
OSM,Mosul,Iraq
MJL,Mouila,Gabon
MQQ,Moundou,Chad
GTN,Mount Cook,New Zealand
MGB,Mount Gambier,Australia
MMG,Mount Magnet,Australia
ISA,Mt. Isa,Australia
MCL,Mt. McKinley (AK),USA
MUC,Muenchen (Munich) - Franz Josef Strauss,Germany
FMO,Muenster/Osnabrueck,Germany
MLH,Mulhouse,France
MUX,Multan,Pakistan
MJV,Murcia,Spain
MMK,Murmansk,Russia
MSR,Mus,Turkey
MCT,Muscat - Seeb,Oman
MSL,Muscle Shoals (AL),USA
MKG,Muskegon (MI),USA
MFG,Muzaffarabad,Pakistan
MVB,Mvengue,Gabon
JMK,Mykonos,Greece
MYR,Myrtle Beach (SC) - Myrtle Beach AFB,USA
CRE,Myrtle Beach (SC) - Grand Strand Airport,USA
MYQ,Mysore,India
MJT,Mytilene (Lesbos),Greece
MZF,Mzamba,South Africa
NAN,Nadi,Fiji
NGS,Nagasaki,Japan
NGO,Nagoya - Komaki AFB,Japan
NAG,Nagpur,India
NBO,Nairobi,Kenya
NAJ,Nakhichevan,Azerbaijan
NST,Nakhon Si Thammarat,Thailand
ENC,Nancy,France
YSR,Nanisivik,Canada
NNG,Nanning,Guangxi PR China
NTE,Nantes - Nantes Atlantique Airport,France
ACK,Nantucket (MA),USA
NAP,Naples - Naples Capodichino Airport,Italy
APF,Naples (FL),USA
NAA,Narrabri,Australia
NRA,Narrandera,Australia
UAK,Narsarsuaq,Greenland
BNA,Nashville (TN),USA
NAS,Nassau,Bahamas
NAT,Natal - Augusto Severo International Airport,Brazil
SUV,Nausori,Fiji/Suva
WNS,Nawab Shah,Pakistan
JNX,Naxos - Naxos Airport,Greece
NDJ,N'Djamena,Chad
NLA,N'Dola,Zambia
NSN,Nelson,New Zealand
NLP,Nelspruit,South Africa
MQP,Nelspruit - Kruger Mpumalanga International Airport,South Africa
NEV,Nevis,St. Kitts and Nevis
EWN,New Bern (NC),USA
HVN,New Haven (CT),USA
MSY,New Orleans La,USA
NQY,Newquay,United Kingdom
UVL,New Valley - Kharga,Egypt
JFK,New York - John F. Kennedy (NY),USA
LGA,New York - LaGuardia (NY),USA
EWR,New York - Newark (NJ),USA
NYC,New York (NY),USA
SWF,Newburgh (NY),USA
BEO,Newcastle - Belmont,Australia
NTL,Newcastle - Williamtown,Australia
NCL,Newcastle,United Kingdom
NCS,Newcastle,South Africa
ZNE,Newman,Australia
PHF,Newport News/Williamsburg (VA),USA
NGE,N'Gaoundere,Cameroon
IAG,Niagara Falls International,USA
NIM,Niamey,Niger
NCE,Nice - Cote D'Azur Airport,France
NIC,Nicosia,Cyprus
NLV,Nikolaev,Ukraine
KIJ,Niigata,Japan
FNI,Nimes,France
INI,Nis,Serbia
GOJ,Nizhny Novgorod - Strigino International Airport,Russia
OME,Nome (AK),USA
NSA,Noosa,Australia
NLK,Norfolk Island,Australia
ORF,Norfolk/Virginia Beach (VA),USA
YVQ,Norman Wells,Canada
NRK,Norrkoeping,Sweden
OTH,North Bend (OR),USA
ELH,North Eleuthera,Bahamas
NWI,Norwich,United Kingdom
EMA,Nottingham - East Midlands,United Kingdom
NDB,Nouadhibou,Mauritania
NKC,Nouakchott,Mauritania
NOU,Noumea,New Caledonia
QND,Novi Sad,Serbia
OVB,Novosibirsk - Tolmachevo Airport,Russia
NUE,Nürnberg (Nuremberg),Germany
NLD,Nuevo Laredo,Mexico
TBU,Nuku'alofa - Fua'Amotu International,Tonga
OAK,Oakland (CA),USA
OAX,Oaxaca - Xoxocotlan,Mexico
ODE,Odense,Denmark
ODS,Odessa,Ukraine
ORB,Oerebro,Sweden
OHD,Ohrid,Macedonia
OIT,Oita,Japan
OKJ,Okayama,Japan
OKA,Okinawa Ryukyo Island - Naha,Japan
OKC,Oklahoma City (OK) - Will Rogers World,USA
OLB,Olbia,Italy
OLP,Olympic Dam,Australia
OMA,Omaha (NE),USA
OND,Ondangwa,Namibia
ONT,Ontario (CA),USA
ORN,Oran (Ouahran),Algeria
OAG,Orange,Australia
SNA,Orange County (Santa Ana) (CA),USA
OMD,Oranjemund,Namibia
AUA,Oranjestad - Reina Beatrix International,Aruba
KOI,Orkney - Kirkwall,United Kingdom
ORL,Orlando Metropolitan Area (FL),USA
MCO,Orlando - International Airport (FL),USA
ORS,Orpheus Island,Australia
OSA,Osaka Metropolitan Area,Japan
ITM,Osaka - Itami,Japan
KIX,Osaka - Kansai International Airport,Japan
OSH,Oshkosh (WI),USA
OSI,Osijek,Croatia (Hrvatska)
OSL,Oslo - Oslo Airport Gardermoen,Norway
FBU,Oslo - Fornebu,Norway
TRF,Oslo - Sandefjord,Norway
YOW,Ottawa - Hull,Canada
ODA,Ouadda,Central African Republic
OZZ,Ouarzazate,Morocco
OUH,Oudtshoorn,South Africa
OUA,Ouagadougou,Burkina Faso
OUD,Oujda,Morocco
OUL,Oulu,Finland
OUK,Out Skerries (Shetland),United Kingdom
OVD,Oviedo,Spain
OWB,Owensboro (KY),USA
OXR,Oxnard (CA),USA
UVE,Oyem,Gabon/Loyautte
PAD,Paderborn/Lippstadt,Germany
PAH,Paducah (KY),USA
PGA,Page/Lake Powell (AZ),USA
PPG,Pago Pago,American Samoa
PKB,Pakersburg (WV) /Marietta (OH),USA
PMO,Palermo - Punta Raisi,Italy
PMI,Palma de Mallorca,Spain
PMW,Palmas,Brazil
PMD,Palmdale/Lancaster (CA),USA
PMR,Palmerston North,New Zealand
PSP,Palm Springs (CA),USA
PTY,Panama City - Tocumen International,Panama
PFN,Panama City (FL),USA
PJG,Panjgur,Pakistan
PNL,Pantelleria,Italy
PPT,Papeete - Faaa,French Polynesia (Tahiti)
PFO,Paphos,Cyprus
PBO,Paraburdoo,Australia
PBM,Paramaribo - Zanderij International,Suriname
PAR,Paris,France
CDG,Paris - Charles de Gaulle,France
LBG,Paris - Le Bourget,France
ORY,Paris - Orly,France
PBH,Paro,Bhutan
PSC,Pasco (WA),USA
PSI,Pasni,Pakistan
PAT,Patna,India
PYX,Pattaya,Thailand
PUF,Pau,France
PLN,Pellston (MI),USA
PEN,Penang International,Malaysia
PDT,Pendelton (OR),USA
PNS,Pensacola (FL),USA
PIA,Peoria/Bloomington (IL),USA
PEI,Pereira,Colombia
PGF,Perpignan,France
PER,Perth International,Australia
PEG,Perugia,Italy
PSR,Pescara,Italy
PEW,Peshawar,Pakistan
PSG,Petersburg (AK),USA
PHW,Phalaborwa,South Africa
PHL,Philadelphia (PA) - International,USA
PNH,Phnom Penh - Pochentong,Cambodia
PHX,Phoenix (AZ) - Sky Harbor International,USA
HKT,Phuket,Thailand
PIR,Pierre (SD),USA
PZB,Pietermaritzburg,South Africa
PTG,Pietersburg,South Africa
NTY,Pilanesberg/Sun City,South Africa
PSA,Pisa - Galileo Galilei,Italy
PIT,Pittsburgh International Airport (PA),USA
PLB,Plattsburgh (NY),USA
PBZ,Plettenberg Bay,South Africa
PIH,Pocatello (ID),USA
TGD,Podgorica,Montenegro
PNI,Pohnpei,Micronesia
PTP,Pointe a Pitre,Guadeloupe
PNR,Pointe Noire,Congo (ROC)
PIS,Poitiers - Biard,France
PSE,Ponce,Puerto Rico
PDL,Ponta Delgada,Portugal
POR,Pori,Finland
CLM,Port Angeles (WA),USA
PAP,Port au Prince,Haiti
PUG,Port Augusta,Australia
PLZ,Port Elizabeth,South Africa
POG,Port Gentil,Gabon
PHC,Port Harcourt,Nigeria
PHE,Port Hedland,Australia
PTJ,Portland,Australia
PWM,Portland (ME),USA
PDX,Portland International (OR),USA
PLO,Port Lincoln,Australia
PQQ,Port Macquarie,Australia
YPN,Port Menier PQ,Canada
POM,Port Moresby - Jackson Field,Papua New Guinea
OPO,Porto,Portugal
POA,Porto Alegre - Salgado Filho International Airport,Brazil
POS,Port of Spain - Piarco International,Trinidad and Tobago
PSD,Port Said,Egypt
PXO,Porto Santo,Portugal
PVH,Porto Velho,Brazil
VLI,Port Vila,Vanuatu
POU,Poughkeepsie (NY),USA
POZ,Poznan Lawica,Poland
PRG,Prague - Václav Havel Airport (formerly Ruzyne),Czech Republic
RAI,Praia - Nelson Mandela International Airport,Cape Verde
PQI,Presque Island (ME),USA
PRY,Pretoria - Wonderboom Apt.,South Africa
PVK,Preveza/Lefkas,Greece
YXS,Prince George,Canada
YPR,Prince Rupert/Digby Island,Canada
PRN,Pristina,Serbia
PPP,Prosperpine,Australia
PVD,Providence (RI),USA
SCC,Prudhoe Bay (AK),USA
PBC,Puebla,Mexico
PUB,Pueblo (CO),USA
PXM,Puerto Escondido,Mexico
PZO,Puerto Ordaz,Venezuela
POP,Puerto Plata,Dominican Republic
PVR,Puerto Vallarta,Mexico
XPK,Pukatawagan,Canada
PUY,Pula,Croatia (Hrvatska)
PUW,Pullman (WA),USA
PNQ,Pune,India Maharashtra
PUQ,Punta Arenas - Presidente Carlos Ibáñez del Campo,Chile
PUJ,Punta Cana - Punta Cana International,Dominican Republic
PUS,Pu San (Busan) - Gimhae International Airport,South Korea
FNJ,Pyongyang - Sunan International Airport,North Korea
YQB,Quebec - Quebec International,Canada
UEE,Queenstown,Australia
ZQN,Queenstown,New Zealand
UET,Quetta,Pakistan
TAO,Qingdao,Shandong PR China
UIP,Quimper,France
UIN,Quincy (IL),USA
UIO,Quito - Mariscal Sucre International Airport,Ecuador
RBA,Rabat - Rabat-Salé Airport,Morocco
RYK,Rahim Yar Khan - Shaikh Zayed International Airport,Pakistan
RFP,Raiatea,French Polynesia
YOP,Rainbow Lake AB,Canada
RAJ,Rajkot,India
RDU,Raleigh/Durham (NC),USA
IXR,Ranchi,India
RGI,Rangiroa,French Polynesia
RGN,Rangoon (Yangon) - Mingaladon,Myanmar
RAP,Rapid City (SD),USA
RAR,Rarotonga,Cook Island
RKT,Ras al Khaymah (Ras al Khaimah),United Arab Emirates
RAZ,Rawala Kot,Pakistan
RWP,Rawalpindi,Pakistan
RDG,Reading (PA),USA
REC,Recife - Guararapes-Gilberto Freyre International,Brazil
RDD,Redding (CA),USA
RDM,Redmond (OR),USA
REG,Reggio Calabria,Italy
YQR,Regina,Canada
TFS,Reina Sofia,Teneriffa/Spain
RNS,Rennes,France
RNO,Reno (NV),USA
YRB,Resolute Bay,Canada
REU,Reus,Spain
REK,Reykjavik - Metropolitan Area,Iceland
KEF,Reykjavik - Keflavik International,Iceland
RHI,Rhinelander (WI),USA
RHO,Rhodos,Greece
RCB,Richards Bay,South Africa
RIC,Richmond (VA),USA
RIX,Riga,Latvia
RJK,Rijeka,Croatia (Hrvatska)
RMI,Rimini,Italy
RBR,Rio Branco - Plácido de Castro International Airport,Brazil
GIG,Rio de Janeiro - Galeao,Brazil
SDU,Rio de Janeiro - Santos Dumont,Brazil
RIO,Rio de Janeiro,Brazil
RUH,Riyadh - King Khaled International,Saudi Arabia
RNE,Roanne,France
ROA,Roanoke (VA),USA
RTB,Roatan,Honduras
RST,Rochester (MN),USA
ROC,Rochester (NY),USA
RSD,Rock Sound,Bahamas
RKS,Rock Springs (WY),USA
RFD,Rockford (IL),USA
ROK,Rockhampton,Australia
RKD,Rockland (ME),USA
RWI,Rocky Mount - Wilson (NC),USA
RDZ,Rodez,France
RRG,Rodrigues Island,Mauritius
RNN,Roenne,Denmark
ROM,Rome,Italy
CIA,Rome - Ciampino,Italy
FCO,Rome - Fuimicino,Italy
RNB,Ronneby,Sweden
ROS,Rosario,Argentina
RVI,Rostov-on-Don - Rostov-on-Don Airport,Russia
ROV,Rostov-on-Don - Platov International Airport,Russia
ROT,Rotorua,New Zealand
RTM,Rotterdam,Netherlands
RVN,Rovaniemi,Finland
NDU,Rundu,Namibia
ROU,Ruse,Bulgaria
SCN,Saarbruecken,Germany
SMF,Sacramento (CA),USA
SDS,Sado Shima,Japan
MBS,Saginaw/Bay City/Midland (MI),USA
SDT,Saidu Sharif,Pakistan
SGN,Saigon (Ho Chi Minh City) - Tan Son Nhat International,Viet Nam
SBK,Saint Brieuc,France
RUN,Saint Denis - Roland Garros Airport,Reunion
YSJ,Saint John,Canada
SPN,Saipan,Northern Mariana Islands
SID,Sal,Cape Verde
SLL,Salalah,Oman
SLE,Salem (OR),USA
SNS,Salinas (CA),USA
SNC,Salinas,Ecuador
SAY,Salisbury,Zimbabwe
SBY,Salisbury (MD),USA
SKG,Saloniki,Greece
SLA,Salta Gen Belgrano,Argentina
SLC,Salt Lake City (UT),USA
SSA,Salvador - Salvador International Airport,Brazil
SZG,Salzburg - W.A. Mozart,Austria
KUF,Samara - Kurumoch International Airport,Russia
SKD,Samarkand - Samarkand International Airport,Uzbekistan
SMI,Samos,Greece
SZF,Samsun,Turkey
ADZ,San Andres,Colombia
SJT,San Angelo (TX),USA
SAT,San Antonio (TX),USA
BRC,San Carlos de Bariloche,Argentina
SAN,San Diego - Lindberg Field International (CA),USA
SFO,San Francisco - International Airport SA,USA
SJD,San Jose Cabo,Mexico
SJO,San Jose,Costa Rica
SJC,San Jose (CA),USA
SJU,San Juan - Luis Munoz Marin International Airport,Puerto Rico
SBP,San Luis Obisco (CA),USA
SLP,San Luis Potosi,Mexico
SPY,San Pedro,Cote d'Ivoire
SAP,San Pedro Sula,Honduras
ZSA,San Salvador,Bahamas
SAL,San Salvador,El Salvador
EAS,San Sebastian,Spain
SAH,Sanaa (Sana'a) - Sana'a International,Yemen
YZP,Sandspit,Canada
SNA,Santa Ana - John Wayne Airport (CA),USA
SBA,Santa Barbara (CA),USA
SPC,Santa Cruz de la Palma,Spain
SRZ,Santa Cruz de la Sierra,Bolivia
SKV,Santa Katarina - Mount Sinai,Egypt
SMA,Santa Maria,Portugal
SMX,Santa Maria (CA),USA
SDR,Santander,Spain
STS,Santa Rosa (CA),USA
SRB,Santa Rosa,Bolivia
SRA,Santa Rosa,Brazil
RSA,Santa Rosa,Argentina
SDH,Santa Rosa Copan,Honduras
SSL,Santa Rosalia,Colombia
SRL,Santa Rosalia,Mexico
SCU,Santiago - Antonio Maceo Airport,Cuba
SCL,Santiago de Chile - Arturo Merino Benitez,Chile
SCQ,Santiago de Compostela,Spain
SON,Santo,Vanuatu
SDQ,Santo Domingo,Dominican Republic
SLZ,Sao Luis - Marechal Cunha Machado International,Brazil
SAO,Sao Paulo,Brazil
CGH,Sao Paulo - Congonhas,Brazil
GRU,Sao Paulo - Guarulhos,Brazil
VCP,Sao Paulo - Viracopos,Brazil
TMS,Sao Tome,Sao Tome & Principe
SPK,Sapporo,Hokkaido Japan
OKD,Sapporo - Okadama,Hokkaido Japan
CTS,Sapporo - New Chitose Airport,Japan
SJJ,Sarajevo,Bosnia and Herzegovina
SKX,Saransk - Saransk Airport,Russia
SRQ,Sarasota/Bradenton (FL),USA
YXE,Saskatoon,Canada
ZSS,Sassandra,Cote d'Ivoire
SAV,Savannah (GA),USA
SVL,Savonlinna,Finland
TAB,Scarborough - Crown Point International,Trinidad and Tobago
NSO,Scone,Australia
SCF,Scottsdale (AZ),USA
SEA,Seattle/Tacoma (WA),USA
SEB,Sehba,Libya
SJY,Seinaejoki,Finland
PKW,Selibi Phikwe,Botswana
SDJ,Sendai,Japan
ICN,Seoul - Incheon International Airport,South Korea
SEL,Seoul - Kimpo,South Korea
SVQ,Sevilla,Spain
SFA,Sfax,Tunisia
ZTM,Shamattawa MB,Canada
SHA,Shanghai - Hongqiao,China
PVG,Shanghai - Pu Dong,China
SNN,Shannon (Limerick),Ireland
SHJ,Sharjah,United Arab Emirates
SSH,Sharm El Sheikh,Egypt
SZD,Sheffield City Airport,United Kingdom
DSA,Sheffield Doncaster Robin Hood International Airport,United Kingdom
SHD,Shenandoah Valley/Stauton (VA),USA
SHE,Shenyang,Liaoning PR China
SZX,Shenzhen - Shenzhen Bao'an International,Guangdong PR China
SHR,Sheridan (WY),USA
SHV,Shreveport La,USA
JHQ,Shute Harbour,Australia
SBW,Sibu,Malaysia
SDY,Sidney (MT),USA
SLS,Silistra,Bulgaria
SIP,Simferopol,Ukraine
MPD,Sindhri,Pakistan
SIN,Singapore - Changi,Singapore
QPG,Singapore - Paya Lebar,Singapore
XSP,Singapore - Seletar,Singapore
SIX,Singleton,Australia
SUX,Sioux City IA,USA
FSD,Sioux Falls (SD),USA
SIS,Sishen,South Africa
SIT,Sitka (AK),USA
VAS,Sivas,Turkey
SEW,Siwa,Egypt
SGY,Skagway (AK),USA
KDU,Skardu,Pakistan
JSI,Skiathos,Greece
SKP,Skopje,Macedonia
SKS,Skrydstrup,Denmark
SZK,Skukuza,South Africa
SXL,Sligo,Ireland
YYD,Smithers,Canada
SOT,Sodankylae,Finland
SGD,Soenderborg,Denmark
SFJ,Soendre Stroemfjord,Greenland
SOF,Sofia - Vrazhdebna,Bulgaria
SOG,Sogndal,Norway
SOU,Southampton - Eastleigh,United Kingdom
SBN,South Bend (IN),USA
XSI,South Indian Lake MB,Canada
SOI,South Molle Island,Australia
SEN,Southend (London),United Kingdom
SPU,Split,Croatia (Hrvatska)
GEG,Spokane (WA),USA
SBU,Springbok,South Africa
SPI,Springfield (IL),USA
SGF,Springfield (MO),USA
SXR,Srinagar,India
YIF,St. Augustin PQ,Canada
STX,St. Croix,Virgin Islands (U.S.)
EBU,St. Etienne,France
SGU,St. George (UT),USA
YYT,St. John's,Canada
SKB,St. Kitts,St. Kitts and Nevis
STL,St. Louis (MO) Lambert-St. Louis International Airport,USA
UVF,St. Lucia Hewanorra,Saint Lucia
SLU,St. Lucia Vigle,Saint Lucia
SXM,St. Marteen,Netherlands Antilles
SFG,St. Martin,St. Martin (Guadeloupe)
LED,St. Petersburg (Leningrad) - Pulkovo,Russia
FSP,St. Pierre NF,Canada
STT,St. Thomas,Virgin Islands (U.S.)
SVD,St. Vincent,Saint Vincent and the Grenadines
STN,Stansted (London),United Kingdom
SCE,State College/Belefonte (PA),USA
SVG,Stavanger,Norway
HDN,Steamboat Springs (CO),USA
SZZ,Stettin,Poland
STO,Stockholm Metropolitan Area,Sweden
ARN,Stockholm - Arlanda,Sweden
BMA,Stockholm - Bromma,Sweden
SCK,Stockton (CA),USA
SYY,Stornway,United Kingdom
SXB,Strasbourg - Strasbourg Airport,France
KBY,Streaky Bay,Australia
STR,Stuttgart - Echterdingen,Germany
SUL,Sui,Pakistan
SKZ,Sukkur,Pakistan
LSI,Sumburgh (Shetland),United Kingdom
SUN,Sun Valley (ID),USA
SDL,Sundsvall,Sweden
MCY,Sunshine Coast,Australia
SUB,Surabaya - Juanda,Indonesia
STV,Surat,India
SUV,Suva - Nausori Airport (Luvuluvu),Fiji
SWP,Swakopmund,Namibia
SYD,Sydney - Sydney Airport,Australia
ZYL,Sylhet,Bangladesh
SYR,Syracuse (NY),USA
TUU,Tabuk,Saudi Arabia
TIF,Taif,Saudi Arabia
TPE,Taipei - Chiang Kai Shek,Taiwan
TAY,Taipei - Sung Shan,Taiwan
TYN,Taiyuan,Shanxi PR China
TAK,Takamatsu,Japan
TKA,Talkeetna (AK),USA
TLH,Tallahassee (FL),USA
QUF,Tallinn - Pirita Harbour,Estonia
TLL,Tallinn - Ulemiste,Estonia
TPA,Tampa - International (FL),USA
TMP,Tampere,Finland
TAM,Tampico - Gen. F. Javier Mina,Mexico
TMW,Tamworth,Australia
TNG,Tangier - Boukhalef,Morocco
TRO,Taree,Australia
TGV,Targovishte,Bulgaria
TAS,Tashkent - International,Uzbekistan
TWU,Tawau,Malaysia
TBS,Tbilisi - Novo Alexeyevka,Georgia
TEU,Te Anau,New Zealand
MME,Teesside Durham Tees Valley,United Kingdom
TGU,Tegucigalpa,Honduras
THR,Tehran (Teheran) - Mehrabad,Iran
TEQ,Tekirdag - Corlu,Turkey
TLV,Tel Aviv - Ben Gurion International,Israel
TEX,Telluride (CO),USA
TEM,Temora,Australia
TCI,Tenerife,Spain
TFS,Tenerife - Sur Reina Sofia,Spain
TFN,Tenerife - Norte Los Rodeos,Spain
TCA,Tennant Creek,Australia
TER,Terceira,Portugal
THE,Teresina,Brazil
TMZ,Termez (Termes),Uzbekistan
YXT,Terrace,Canada
HUF,Terre Haute (IN),USA
TXK,Texarkana (AR),USA
TCU,Thaba'Nchu,South Africa
YQD,The Pas,Canada
SKG,Thessaloniki - Makedonia Apt.,Greece
TVF,Thief River Falls (MN),USA
JTR,Thira,Greece
TRV,Thiruvananthapuram,India
TED,Thisted,Denmark
YTH,Thompson,Canada
KTB,Thorne Bay (AK),USA
YQT,Thunder Bay,Canada
TIS,Thursday Island,Australia
TSN,Tianjin,China
TIJ,Tijuana - Rodriguez,Mexico
TOD,Tioman,Indonesia
TIA,Tirana - Rinas,Albania
TRZ,Tiruchirapally,India
TIV,Tivat,Montenegro
TAB,Tobago,Trinidad and Tobago
TKS,Tokushima,Japan
TYO,Tokyo,Japan
HND,Tokyo - Haneda,Japan
NRT,Tokyo - Narita,Japan
TOL,Toledo (OH),USA
TPR,Tom Price,Australia
TWB,Toowoomba,Australia
YTZ,Toronto - Billy Bishop Toronto City Airport,Canada
YYZ,Toronto - Toronto Pearson International Airport,Canada
YTO,Toronto,Canada
TOV,Tortola,British Virgin Islands
TOU,Touho,New Caledonia
TLS,Toulouse - Blagnac Airport,France
TSV,Townsville,Australia
TOY,Toyama,Japan
TZX,Trabzon,Turkey
TPS,Trapani,Italy
TVC,Traverse City (MI),USA
TCB,Treasure Cay,Bahamas
TTN,Trenton/Princeton (NJ),USA
TSF,Treviso,Italy
TRI,Tri-Cities Regional (TN) /VA,USA
TRS,Trieste,Italy
TIP,Tripoli - Tripoli International,Libya
TOS,Tromsoe,Norway
TRD,Trondheim,Norway
TSB,Tsumeb,Namibia
TUS,Tucson (AZ),USA
TUP,Tulepo (MS),USA
TUL,Tulsa (OK),USA
TUN,Tunis - Carthage,Tunisia
TUK,Turbat,Pakistan
TRN,Turin,Italy
TKU,Turku,Finland
TCL,Tuscaloosa (AL),USA
TGZ,Tuxtla Gutierrez,Mexico
TWF,Twin Falls (ID),USA
TYR,Tyler (TX),USA
UAH,Ua Huka,French Polynesia
UAP,Ua Pou,French Polynesia
UBJ,Ube,Japan
UBA,Uberaba,Brazil
UDI,Uberlandia - Eduardo Gomes Airport,Brazil
UBP,Ubon Ratchathani - Muang Ubon Airport,Thailand
UDR,Udaipur - Dabok Airport,India
UDE,Uden - Volkel Airport,Netherlands
UTH,Udon Thani,Thailand
UFA,Ufa,Russia
UHE,Uherske Hradiste,Czech Republic
UGO,Uige,Angola
UPG,Ujung Pandang - Hasanudin Airport,Indonesia
UCT,Ukhta,Russia
UKI,Ukiah (CA),USA
ULN,Ulaanbaatar - Buyant Uhaa Airport,Mongolia
UUD,Ulan-Ude,Russia
HLH,Ulanhot,PR China
ULB,Ulei,Vanuatu
USN,Ulsan,South Korea
ULD,Ulundi,South Africa
UME,Umea,Sweden
YUD,Umiujaq,Canada
UTT,Umtata,South Africa
UNK,Unalakleet (AK),USA
UNI,Union Island,Saint Vincent and the Grenadines
UNT,Unst (Shetland Island) - Baltasound Airport,United Kingdom
UPL,Upala,Costa Rica
JUV,Upernavik - Upernavik Heliport,Greenland
UTN,Upington,South Africa
UPP,Upolu Point (HI),USA
YBE,Uranium City,Canada
UGC,Urgench,Uzbekistan
URM,Uriman,Venezuela
OMH,Urmiehm (Orumieh),Iran
UPN,Uruapan,Mexico
URB,Urubupunga - Ernesto Pochler Airport,Brazil
URG,Uruguaiana - Ruben Berta Airport,Brazil
URC,Urumqi,Xinjiang PR China
URZ,Uruzgan,Afghanistan
USH,Ushuaia - Islas Malvinas Airport,Argentina
UTP,Utapao (Pattaya),Thailand
UCA,Utica (NY) - Oneida County Airport,USA
UII,Utila,Honduras
UMD,Uummannaq,Greenland
UDJ,Uzhgorod,Ukraine
VAA,Vaasa,Finland
VXO,Vaexjoe,Sweden
EGE,Vail (CO),USA
YVO,Val d'Or,Canada
VDZ,Valdez (AK),USA
VLD,Valdosta (GA),USA
VLC,Valencia,Spain
VLN,Valencia,Venezuela
VLL,Valladolid,Spain
VAP,Valparaiso,Chile
VDE,Valverde,Spain
VAN,Van - Ferit Melen,Turkey
YVR,Vancouver - Vancouver International,Canada
VRA,Varadero,Cuba
VNS,Varanasi,India
VRK,Varkaus,Finland
VAR,Varna,Bulgaria
VST,Vasteras,Sweden
VLU,Velikiye Luki (Welikije Luki),Russia
VCE,Venice - Marco Polo,Italy
VER,Veracruz,Mexico
VEL,Vernal (UT),USA
VRB,Vero Beach/Ft. Pierce (FL),USA
VBS,Verona (Brescia) Montichiari,Italy
VRN,Verona,Italy
YYJ,Victoria,Canada
VFA,Victoria Falls,Zimbabwe
VID,Vidin,Bulgaria
VTE,Vientiane - Wattay,Lao PDR
VGO,Vigo,Spain
VSA,Villahermosa,Mexico
VNO,Vilnius,Lithuania
VIJ,Virgin Gorda,Virgin Islands (British)
VIS,Visalia (CA),USA
VBY,Visby,Sweden
VIT,Vitoria,Spain
VIX,Vitoria - Eurico de Aguiar Salles Airport,Brazil
VYD,Vryheid,South Africa
YWK,Wabush,Canada
ACT,Waco (TX),USA
WGA,Wagga,Australia
ALW,Walla Walla (WA),USA
WLS,Wallis,Wallis and Futuna Islands
WVB,Walvis Bay,South Africa
WMB,Warrnambool,Australia
WAW,Warsaw - Frédéric Chopin,Poland
BWI,Washington DC - Baltimore Washington International,USA
IAD,Washington DC - Dulles International,USA
DCA,Washington DC - Ronald Reagan National,USA
WAS,Washington DC,USA
ALO,Waterloo IA,USA
ATY,Watertown (SD),USA
CWA,Wausau/Stevens Point (WI),USA
WEI,Weipa,Australia
WEL,Welkom,South Africa
WLG,Wellington,New Zealand
EAT,Wenatchee (WA),USA
PBI,West Palm Beach (FL),USA
WYS,West Yellowstone (MT),USA
GWT,Westerland Sylt Airport,Germany
WHK,Whakatane,New Zealand
YXN,Whale Cove NT,Canada
WRE,Whangarei,New Zealand
HPN,White Plains (NY),USA
YXY,Whitehorse,Canada
HAP,Whitsunday Resort,Australia
WYA,Whyalla,Australia
SPS,Wichita Falls (TX),USA
ICT,Wichita (KS),USA
WIC,Wick,United Kingdom
WHM,Wickham,Australia
VIE,Wien (Vienna) - Vienna International,Austria
WIE,Wiesbaden Air Base,Germany
AVP,Wilkes Barre/Scranton (PA),USA
IPT,Williamsport (PA),USA
ISL,Williston (ND),USA
ILM,Wilmington (NC),USA
VNO,Wilna (Vilnius),Lithuania
WUN,Wiluna,Australia
ERS,Windhoek - Eros,Namibia
WDH,Windhoek - Hosea Kutako International,Namibia
YQG,Windsor Ontario,Canada
YWG,Winnipeg International,Canada
OLF,Wolf Point (MT),USA
WOL,Wollongong,Australia
UMR,Woomera,Australia
ORH,Worcester (MA),USA
WRL,Worland (WY),USA
WRG,Wrangell (AK),USA
WUH,Wuhan,Hubei PR China
WYN,Wyndham,Australia
XMN,Xiamen,Fujian PR China
XIY,Xi'an - Xianyang,Shaanxi PR China
YKM,Yakima (WA),USA
YAK,Yakutat (AK),USA
YKS,Yakutsk,Russia
GAJ,Yamagata Junmachi,Japan
ASK,Yamoussoukro,Côte d'Ivoire
YNB,Yanbu,Saudi Arabia
RGN,Yangon (Rangoon) - Mingaladon,Myanmar
YAO,Yaounde,Cameroon
YZF,Yellowknife,Canada
SVX,Yekaterinburg - Koltsovo Airport,Russia
YIH,Yichang,Hubei PR China
YOK,Yokohama,Japan
YUM,Yuma (AZ),USA
ZCL,Zacatecas,Mexico
ZAD,Zadar,Croatia (Hrvatska)
ZAG,Zagreb - Zagreb Airport Pleso,Croatia (Hrvatska)
ZTH,Zakynthos,Greece
ZAZ,Zaragoza,Spain
PZH,Zhob,Pakistan
ZND,Zinder,Niger
OUZ,Zouerate,Mauritania
ZRH,Zurich (Zürich) - Kloten,Switzerland
KKC,Khon Kaen,Thailand
